Number,Song: Artist
,Caught Up In You: .38 Special
,Hold On Loosely: .38 Special
,I'd Love To Change The World: 10 Years After
,I'm Not In Love: 10CC
,Here Without You: 3 Doors Down
,Kryptonite: 3 Doors Down
,Pleasantly Blue: 4 Non Blondes
,What's Up?: 4 Non Blondes
,Signs: 5 Man Electric Band
,Take On Me: A-HA!
,"A Woman's Got The Power: A's, The"
,Dancing Queen: ABBA
,Dirty Deeds Done Dirt Cheap: AC/DC
,Highway To Hell: AC/DC
,It's A Long Way To The Top: AC/DC
,Jailbreak: AC/DC
,Sin City: AC/DC
,Whole Lotta Rosie: AC/DC
,You Shook Me All Night Long: AC/DC
,Balls To The Walls: Accept
,How Long?: Ace
,Rolling In The Deep: Adele
,Someone Like You: Adele
,Dream On: Aerosmith
,Love In An Elevator: Aerosmith
,Remember (Walking In The Sand): Aerosmith
,Same Old Song And Dance: Aerosmith
,Sweet Emotion: Aerosmith
,Walk This Way: Aerosmith
,Christmas In Dixie: Alabama
,Hold On: Alabama Shakes
,Eye In The Sky: Alan Parsons Project
,Hand In My Pocket: Alanis Morissette
,Ironic: Alanis Morissette
,You Oughta Know: Alanis Morissette
,Black Velvet: Alannah Myles
,Fantasy: Aldo Nova
,I'm Eighteen: Alice Cooper
,Schools Out: Alice Cooper
,Man In The Box: Alice In Chains
,Would?: Alice In Chains
,Melissa: Allman Brothers Band
,Midnight Rider: Allman Brothers Band
,One Way Out: Allman Brothers Band
,Ramblin' Man: Allman Brothers Band
,Whipping Post: Allman Brothers Band
,Catfish John: Alsion Krauss & Nitty Gritty Dirt Band
,A Horse With No Name: America
,Sister Golden Hair: America
,Tin Man: America
,Ventura Highway: America
,Valerie: Amy Winehouse
,Lonely Boy: Andrew Gold
,"House Of The Rising Sun: Animals, The"
,"We Gotta Get Out Of This Place: Animals, The"
,Sweet Love: Anita Baker
,Whiter Shade of Pale: Annie Lennox
,Just Between You And Me: April Wine
,Chain Of Fools: Aretha Franklin
,"The Boys Of Summer: Ataris, The"
,Like A Stone: Audioslave
,Show Me How To Live: Audioslave
,Pick Up The Pieces: Average White Band
,Raindrops Are Falling On My Head: B.J Thomas
,"Head First: Babys, The"
,Let It Ride: Bachman-Turner Overdrive
,Takin' Care Of Business: Bachman-Turner Overdrive
,Feel Like Making Love: Bad Comapny
,All Right Now: Bad Company
,Bad Company: Bad Company
,Burnin' Sky: Bad Company
,Can't Get Enough: Bad Company
,Good Lovin' Gone Bad: Bad Company
,Movin' On: Bad Company
,Rock Steady: Bad Company
,Running With The Pack: Bad Company
,Shooting Star: Bad Company
,Day After Day: Badfinger
,No Matter What: Badfinger
,"Ophelia: Band, The"
,"The Weight: Band, The"
,"Eternal Flame: Bangles, The"
,The Old Apartment: Barenaked Ladies
,"409: Beach Boys, The"
,"Sail On, Sailor: Beach Boys, The"
,Fight For Your Right: Beastie Boys
,"A Hard Day's Night: Beatles, The"
,"All My Loving: Beatles, The"
,"Back In The USSR: Beatles, The"
,"Blackbird: Beatles, The"
,"Can't Buy Me Love: Beatles, The"
,"Come Together: Beatles, The"
,"Day Tripper: Beatles, The"
,"Don't Let Me Down: Beatles, The"
,"Eight Days A Week: Beatles, The"
,"Get Back: Beatles, The"
,"Getting Better: Beatles, The"
,"Good Day Sunshine: Beatles, The"
,"Hello, Goodbye: Beatles, The"
,"Help!: Beatles, The"
,"Here Comes the Sun: Beatles, The"
,"Hey Jude: Beatles, The"
,"I Am the Walrus: Beatles, The"
,"I Feel Fine: Beatles, The"
,"I Saw Her Standing There: Beatles, The"
,"I'll Cry Instead: Beatles, The"
,"In My Life: Beatles, The"
,"Lady Madonna: Beatles, The"
,"Let It Be: Beatles, The"
,"Lucy in The Sky With Diamonds: Beatles, The"
,"Magical Mystery Tour: Beatles, The"
,"Misery: Beatles, The"
,"Norwegian Wood: Beatles, The"
,"One After 909: Beatles, The"
,"Penny Lane: Beatles, The"
,"Please Please Me: Beatles, The"
,"Revolution: Beatles, The"
,"She Came in Through The Bathroom Window: Beatles, The"
,"Something: Beatles, The"
,"Strawberry Fields: Beatles, The"
,"Things We Said Today: Beatles, The"
,"Ticket To Ride: Beatles, The"
,"Twist and Shout: Beatles, The"
,"With A Little Help From My Friends: Beatles, The"
,"Yesterday: Beatles, The"
,"You've Got To Hide Your Love Away: Beatles, The"
,Jive Talkin': Bee Gees
,Nights On Broadway: Bee Gees
,To Love Somebody: Bee Gees
,You Should Be Dancing: Bee Gees
,Heaven Is A Place On Earth: Belinda Carlisle
,Stand By Me: Ben E King
,Good: Better Than Ezra
,In A Big Country (Radio Edit): Big Country
,Ain't No Sunshine: Bill Withers
,Lovely Day: Bill Withers
,Use Me: Bill Withers
,Stratus: Billy Cobham
,Dancing With Myself: Billy Idol
,Eyes Without A Face: Billy Idol
,Mony Mony: Billy Idol
,Rebel Yell: Billy Idol
,White Wedding: Billy Idol
,Allentown: Billy Joel
,Big Shot: Billy Joel
,Captain Jack: Billy Joel
,Close To The Borderline: Billy Joel
,Just The Way You Are: Billy Joel
,Miami 2017: Billy Joel
,Movin' Out (Anthony's Song): Billy Joel
,Only The Good Die Young: Billy Joel
,Piano Man: Billy Joel
,Prelude/Angry Young Man: Billy Joel
,Scenes From An Italian Restaurant: Billy Joel
,You May Be Right: Billy Joel
,Christmas Is A Time To Say I Love You: Billy Squier
,Everybody Wants You: Billy Squier
,In The Dark: Billy Squier
,Lonely Is The Night: Billy Squier
,My Kinda Lover: Billy Squier
,Peace On Earth / Little Drummer Boy: Bing Crosby & David Bowie
,"(Hey, Won't You Play) Another Somebody Done Somebody Wrong Song: BJ Thomas"
,"Hard To Handle: Black Crowes, The"
,"Remedy: Black Crowes, The"
,"She Talks To Angels: Black Crowes, The"
,Heaven and Hell: Black Sabbath
,Paraniod: Black Sabbath
,Sweet Leaf: Black Sabbath
,The Wizard: Black Sabbath
,War Pigs: Black Sabbath
,No Rain: Blind Melon
,Tones Of Home: Blind Melon
,All The Small Things: blink-182
,What's My Age Again?: blink-182
,Heart Of Glass: Blondie
,One Way Or ANother: Blondie
,The Tide Is High: Blondie
,(Don't Fear) The Reaper: Blue Öyster Cult
,Burnin' For You: Blue Öyster Cult
,Godzilla: Blue Öyster Cult
,Song 2 (Woo Hoo): Blur
,Knockin' On Heaven's Door: Bob Dylan
,"Lay, Lady, Lay: Bob Dylan"
,Like A Rolling Stone: Bob Dylan
,I Shot The Sheriff: Bob Marley
,No Woman No Cry: Bob Marley
,Three Little Birds: Bob Marley
,Hollywood Nights: Bob Seger
,Old Time Rock & Roll: Bob Seger
,Rock & Roll Never Forgets: Bob Seger
,Turn The Page: Bob Seger
,"Monster Mash: Bobby ""Boris"" Pickett and The Crypt-Kickers"
,Montego Bay: Bobby Bloom
,Ode To Billy Joe: Bobby Gentry
,Jingle Bell Rock: Bobby Helms
,I'll Be There For You: Bon Jovi
,Living On A Prayer: Bon Jovi
,Runaway: Bon Jovi
,Wanted Dead Or Alive: Bon Jovi
,You Give Love A Bad Name: Bon Jovi
,Angel From Montgomery: Bonnie Raitt
,I Can't Make You Love Me: Bonnie Raitt
,Love Me Like A Man: Bonnie Raitt
,Thing Called Love: Bonnie Raitt
,Green Onions: Booker T & The MGs
,More Than A Feeling: Boston
,Smokin': Boston
,1985: Bowling For Soup
,Lido Shuffle: Boz Scaggs
,Rockin' Around The Christmas Tree: Brenda Lee
,"Strawberry Letter 23: Brothers Johnson, The"
,Born In The USA: Bruce Springsteen
,Born To Run: Bruce Springsteen
,Dancing In The Dark: Bruce Springsteen
,Glory Days: Bruce Springsteen
,Rosalita: Bruce Springsteen
,Santa Claus Is Coming To Town: Bruce Springsteen
,Locked Out Of Heaven: Bruno Mars
,Cuts Like A Knife: Bryan Adams
,Summer Of '69: Bryan Adams
,Crazy Bitch: Buckcherry
,For What It's Worth: Buffalo Springfield
,Everything Zen: Bush
,Machine Head: Bush
,"Mr Tambourine Man: Byrds, The"
,Convoy: C.W. McCall
,"Wherever You Will Go: Calling, The"
,Far Behind: Candlebox
,Nobody Does It Better: Carly Simon
,You're So Vain: Carly Simon
,Mockingbird: Carly Simon & James Taylor
,I Feel The Earth Move: Carole King
,Smackwater Jack: Carole King
,Before He Cheats: Carrie Underwood
,Mary Did You Know?: Carrie Underwood
,"Bye Bye Love: Cars, The"
,"Dangerous Type: Cars, The"
,"Good Times Roll: Cars, The"
,"Just What I Needed: Cars, The"
,"Let The Good Times Roll: Cars, The"
,"Let's Go: Cars, The"
,"My Best Friends Girl: Cars, The"
,"You're All I've Got Tonight: Cars, The"
,Wild World: Cat Stevens
,Fortunate Son: CCR
,Have You EVer Seen The Rain: CCR
,Wrote A Song For Everyone: CCR
,Fuck You: CeeLo Green
,"Time Has Come Today: Chambers Brothers, The"
,"Pipeline: Chantays, The"
,Dream Police: Cheap Trick
,I Want You To Want Me: Cheap Trick
,Surrender: Cheap Trick
,The Flame: Cheap Trick
,"Gypsies, Tramps And Thieves: Cher"
,25 Or 6 To 4: Chicago
,Beginnings: Chicago
,Make Me Smile: Chicago
,Saturday In The Park: Chicago
,Wishing You Were Here: Chicago
,Wicked Game: Chris Isaak
,Starting Over: Chris Stapleton
,Tennessee Whiskey: Chris Stapleton
,Ride Like The Wind: Christopher Cross
,Johnny B. Good: Chuck Berry
,Run Rudolph Run: Chuck Berry
,"Under The Milky Way: Church, The"
,"I Fought The Law: Clash, The"
,"London Calling: Clash, The"
,"Rock The Casbah: Clash, The"
,"Should I Stay Or Should I Go: Clash, The"
,"Train In Vain: Clash, The"
,Spooky: Classics IV
,Devil Woman: Cliff Richards
,Yellow: Coldplay
,"Brick House: Commodores, The"
,"Easy: Commodores, The"
,"Sail On: Commodores, The"
,Joey: Concrete Blonde
,Too Late To Turn Back Now: Cornelius Brothers & Sister Rose
,Mr. Jones: Counting Crows
,Low: Cracker
,"Zombie: Cranberries, The"
,Crossroads: Cream
,Sunshine Of Your Love: Cream
,White Room: Cream
,Bad Moon Rising: Creedence Clearwater Revival
,Before You Accuse Me: Creedence Clearwater Revival
,Born On The Bayou: Creedence Clearwater Revival
,Fortunate Son: Creedence Clearwater Revival
,Have You Ever Seen The Rain: Creedence Clearwater Revival
,Proud Mary: Creedence Clearwater Revival
,Suzie Q: Creedence Clearwater Revival
,The Midnight Special: Creedence Clearwater Revival
,Who'll Stop the Rain?: Creedence Clearwater Revival
,"Carry On: Crosby, Stills, Nash & Young"
,"Southern Cross: Crosby, Stills, Nash & Young"
,"Friday I'm In Love: Cure, The"
,"Just Like Heaven: Cure, The"
,All Through The Night: Cyndi Lauper
,I Drove All Night: Cyndi Lauper
,Money Changes Everything: Cyndi Lauper
,She Bop: Cyndi Lauper
,Time After Time: Cyndi Lauper
,"New Rose: Damned, The"
,Mother: Danzig
,Under Pressure: Davd Bowie & Queen
,We Just Disagree: Dave Mason
,Ants Marching: Dave Matthews
,Diamond Dogs: David Bowie
,Fame: David Bowie
,Let's Dance: David Bowie
,Moonage Daydream: David Bowie
,Rebel Rebel: David Bowie
,Space Oddity: David Bowie
,Starman: David Bowie
,Suffragette City: David Bowie
,The Man Who Sold The World: David Bowie
,Young Americans: David Bowie
,Ziggy Stardust: David Bowie
,Breakfast At Tiffany's: Deep Blue Something
,Highway Star: Deep Purple
,Hush: Deep Purple
,Perfect Strangers: Deep Purple
,Smoke On The Water: Deep Purple
,Foolin': Def Leppard
,Photograph: Def Leppard
,Pour Some Sugar On Me: Def Leppard
,Wasted: Def Leppard
,Roll To Me: Del Amitri
,Runaway: Del Shannon
,Let's Hear It For The Boys: Deniece Williams
,Bell Bottom Blues: Derek & the Dominoes
,Last Dance: Diana Ross
,Rainbow In The Dark: Dio
,Runaround Sue: Dion
,Money For Nothing: Dire Straits
,Sultans Of Swing: Dire Straits
,Walk Of Life: Dire Straits
,"I Touch Myself: Divinyls, The"
,Drift Away: Dobie Gray
,Into The Fire: Dokken
,Tooth And Nail: Dokken
,Unchain The Night: Dokken
,Jolene: Dolly Parton
,All She Wants To Do Is Dance: Don Henley
,The Boys Of Summer: Don Henley
,American Pie: Don McLean
,I Feel Love: Donna Summer
,Last Dance: Donna Summer
,"Ah, Leah!: Donnie Iris"
,"Black Water: Doobie Brothers, The"
,"China Grove: Doobie Brothers, The"
,"Listen To The Music: Doobie Brothers, The"
,"Long Train Runnin': Doobie Brothers, The"
,"What A Fool Believes: Doobie Brothers, The"
,"Break On Through: Doors, The"
,"Five To One: Doors, The"
,"Hello, I Love You: Doors, The"
,"L.A. Woman: Doors, The"
,"Light My Fire: Doors, The"
,"Love Her Madly: Doors, The"
,"Love Me Two Times: Doors, The"
,"People are Strange: Doors, The"
,"Riders On The Storm: Doors, The"
,"Roadhouse Blues: Doors, The"
,"Soul Kitchen: Doors, The"
,"Touch Me: Doors, The"
,"Twentieth Century Fox: Doors, The"
,"Under The Boardwalk: Drifters, The"
,"Kiss Me, I'm Shitfaced: Dropkick Murphys"
,Girls On Film: Duran Duran
,Hungry Like The Wolf: Duran Duran
,Ordinary World: Duran Duran
,Rio: Duran Duran
,Save Tonight: Eagle-Eye Cherry
,Already Gone: Eagles
,Desperado: Eagles
,Heartache Tonight: Eagles
,Hotel California: Eagles
,I Can't Tell You Why: Eagles
,Life In The Fast Lane: Eagles
,Lyin' Eyes: Eagles
,New Kid In Town: Eagles
,One Of These Nights: Eagles
,Peaceful Easy Feeling: Eagles
,Take It Easy: Eagles
,Take It To The Limit: Eagles
,Tequila Sunrise: Eagles
,Those Shoes: Eagles
,Witchy Woman: Eagles
,"September: Earth, Wind & Fire"
,Summertime Blues: Eddie Cochran
,Baby Hold On: Eddie Money
,Shakin': Eddie Money
,Think I'm In Love: Eddie Money
,Two Tickets To Paradise: Eddie Money
,Party All The Time: Eddie Murphy
,Drivin' My Life Away: Eddie Rabbitt
,"Frankenstein: Edgar Winter Group, The"
,"Free Ride: Edgar Winter Group, The"
,Ex's & Oh's: Elle King
,Don’t Bring Me Down: ELO
,Evil Woman: ELO
,Bennie and the Jets: Elton John
,Don't Let The Sun Go Down On Me: Elton John
,I'm Still Standing: Elton John
,Levon: Elton John
,Rocket Man: Elton John
,Saturday Night’s Alright for Fighting: Elton John
,The Bitch Is Back: Elton John
,Tiny Dancer: Elton John
,Fooled Around And Fell in Love: Elvin Bishop
,(Angels Wanna Wear My) Red Shoes: Elvis Costello
,(What's So Funny'Bout) Peace Love And Understanding?: Elvis Costello
,Pump It Up: Elvis Costello
,Hound Dog: Elvis Presley
,Little Sister: Elvis Presley
,Suspicious Minds: Elvis Presley
,Unchained Melody: Elvis Presley
,"I Believe In Father Christmas: Emerson, Lake & Palmer"
,"Lucky Man: Emerson, Lake & Palmer"
,Save The Last Dance For Me: Emmylou Harris
,All By Myself: Eric Carmen
,Never Gonna Fall In Love Again: Eric Carmen
,Cocaine: Eric Clapton
,Forever Man: Eric Clapton
,Lay Down Sally: Eric Clapton
,Layla: Eric Clapton
,Let It Rain: Eric Clapton
,Promises: Eric Clapton
,Tears In Heaven: Eric Clapton
,The Core: Eric Clapton
,Wonderful Tonight: Eric Clapton
,The Final Countdown: Europe
,Inside Out: Eve 6
,Get The Funk Out: Extreme
,Hole Hearted: Extreme
,Stay With Me: Faces
,"Sugar, We're Goin' Down: Fall Out Boy"
,The Way: Fastball
,Say What You Will: Fastway
,Paralyzer: Finger Eleven
,Just Remember I Love You: Firefall
,"Radioactive: Firm, The"
,Don't Stop: Fleetwood Mac
,Dreams: Fleetwood Mac
,Go Your Own Way: Fleetwood Mac
,Gold Dust Woman: Fleetwood Mac
,Gypsy: Fleetwood Mac
,Landslide: Fleetwood Mac
,Monday Morning: Fleetwood Mac
,Never Going Back Again: Fleetwood Mac
,Rhiannon: Fleetwood Mac
,Say You Love Me: Fleetwood Mac
,Silver Springs: Fleetwood Mac
,The Chain: Fleetwood Mac
,You Make Loving Fun: Fleetwood Mac
,Fool For The City: Foghat
,I Just Want To Make Love To You: Foghat
,All My Life: Foo Fighters
,Everlong: Foo Fighters
,I'll Stick Around: Foo Fighters
,Learn To Fly: Foo FIghters
,My Hero: Foo Fighters
,"Blue Morning, Blue Day: Foreigner"
,Cold As Ice: Foreigner
,Double Vision: Foreigner
,Feels Like The First Time: Foreigner
,Hot Blooded: Foreigner
,Juke Box Hero: Foreigner
,"Long, Long Way From Home: Foreigner"
,Urgent: Foreigner
,"Here Comes That Rainy Day Feeling Again: Fortunes, The"
,"Build Me Up Buttercup: Foundations, The"
,I Can't Help Myself (Sugar Pie Honey Bunch): Four Tops
,Reach Out I'll Be There: Four Tops
,Holy Touch: Foxy Shazam
,Have Yourself A Merry Little Christmas: Frank Sinatra
,My Way: Frank Sinatra
,"New York, New York: Frank Sinatra"
,The Way You Look Tonight: Frank Sinatra
,Joe's Garage: Frank Zappa
,All Right Now: Free
,Bad Day: Fuel
,Shimmer: Fuel
,Friends In Low Places: Garth Brooks
,Cars: Gary Numan
,Dream Weaver: Gary Wright
,I Don't Want To Be: Gavin DeGraw
,ABACAB: Genesis
,Follow You Follow Me: Genesis
,Just A Job To Do: Genesis
,Turn It On Again: Genesis
,Careless Whisper: George Michael
,"One Bourbon, One Scotch, One Beer: George Thorogood"
,"Keep Your Hands To Yourself: Georgia Satellites, The"
,Baker Street: Gerry Rafferty
,Found Out About You: Gin Blossoms
,Hey Jealousy: Gin Blossoms
,Here We Are: Gloria Estefan
,I Will Survive: Gloria Gaynor
,"Head Over Heels: Go-Go's, The"
,"Our Lips Are Sealed: Go-Go's, The"
,"Vacation: Go-Go's, The"
,Radar Love: Golden Earring
,Twilight Zone: Golden Earring
,"Black Balloon: Goo Goo Dolls, The"
,"Iris: Goo Goo Dolls, The"
,"Slide: Goo Goo Dolls, The"
,I'm Your Captain: Grand Funk Railroad
,Some Kind Of Wonderful: Grand Funk Railroad
,We're An American Band: Grand Funk Railroad
,"Heaven Knows: Grass Roots, The"
,"Midnight Confessions: Grass Roots, The"
,"Sooner Or Later: Grass Roots, The"
,Alabama Getaway: Grateful Dead
,Bertha: Grateful Dead
,U.S. Blues: Grateful Dead
,American Idiot: Green Day
,Basket Case: Green Day
,Boulevard Of Broken Dreams: Green Day
,Good Riddance (Time Of Your Life): Green Day
,Longview: Green Day
,She: Green Day
,Still Breathing: Green Day
,Wake Me Up When Sept Ends: Green Day
,Jeopardy: Greg Kihn
,The Breakup Song: Greg Kihn
,I'm No Angel: Gregg Allman
,Highway Tune: Greta Van Fleet
,"American Woman: Guess Who, The"
,"No Time: Guess Who, The"
,Live And Let Die: Guns N' Roses
,Sweet Child O' Mine: Guns N' Roses
,I Can't Go For That: Hall & Oates
,Maneater: Hall & Oates
,Rich Girl: Hall & Oates
,You Make My Dreams Come True: Hall & Oates
,Cats In The Cradle: Harry Chapin
,Flagpole Sitta: Harvey Danger
,Alone: Heart
,Barracuda: Heart
,Dog & Butterfly: Heart
,Even It Up: Heart
,Magic Man: Heart
,These Dreams: Heart
,"Bus Stop: Hollies, The"
,"The Air That I Breathe: Hollies, The"
,"All You Zombies: Hooters, The"
,"And We Danced: Hooters, The"
,"Day By Day: Hooters, The"
,"Hanging On A Heartbeat: Hooters, The"
,Let Her Cry: Hootie & The Blowfish
,Only Want To Be With You: Hootie & The Blowfish
,Heart of Rock and Roll: Huey Lewis & The News
,I Want A New Drug: Huey Lewis & The News
,If This Is It: Huey Lewis & The News
,The Power of Love: Huey Lewis & The News
,Walking On A Thin Line: Huey Lewis & The News
,Workin' For A Livin': Huey Lewis & The News
,"Vehicle: Ides Of March, The"
,Lust For Life: Iggy Pop
,Real Wild Child (Wild One): Iggy Pop
,Proud Mary: Ike & Tina Turner
,Galileo: Indigo Girls
,Don't Change: INXS
,Need You Tonight: INXS
,Never Tear Us Apart: INXS
,New Sensation: INXS
,The One Thing: INXS
,"Centerfold: J. Geils Band, The"
,"Love Stinks: J. Geils Band, The"
,Doctor My Eyes: Jackson Browne
,Running On Empty: Jackson Browne
,The Chicken: Jaco Pastorious
,Laid: James
,"Funk #49: James Gang, The"
,"Walk Away: James Gang, The"
,Fire and Rain: James Taylor
,Black Cat: Janet Jackson
,Me And Bobby McGee: Janis Joplin
,Move Over: Janis Joplin
,Piece Of My Heart: Janis Joplin
,Beck's Bolero: Jeff Beck
,Cause We've Ended As Lovers: Jeff Beck
,Freeway Jam: Jeff Beck
,People Get Ready: Jeff Beck / Rod Stewart vs
,Somebody To Love: Jefferson Airplane
,White Rabbit: Jefferson Airplane
,Find Your Way Back: Jefferson Starship
,Jane: Jefferson Starship
,Right Time Of The Night: Jennifer Warnes
,Great Balls Of Fire: Jerry Lee Lewis
,East Bound And Down: Jerry Reed
,Are You Gonna Be My Girl: Jet
,Locomotive Breath: Jethro Tull
,Thick As A Brick: Jethro Tull
,"Bad, Bad Leroy Brown: Jim Croce"
,Time In A Bottle: Jim Croce
,Along The Watchtower: Jimi Hendrix
,Fire: Jimi Hendrix
,Hey Joe: Jimi Hendrix
,Purtple Haze: Jimi Hendrix
,Red House: Jimi Hendrix
,The Wind Cries Mary: Jimi Hendrix
,Voodoo Chiid: Jimi Hendrix
,A Pirate Looks At 40: Jimmy Buffett
,Come Monday: Jimmy Buffett
,Margaritaville: Jimmy Buffett
,The Middle: Jimmy Eat World
,Crimson And Clover: Joan Jett & The Blackhearts
,I Hate Myself For Loving You: Joan Jett & The Blackhearts
,I Love Rock 'N Roll: Joan Jett & The Blackhearts
,Feelin' Alright: Joe Cocker
,She Came I Through The Bathroom Window: Joe Cocker
,Unchain My Heart: Joe Cocker
,Is She Really Going Out with Him?: Joe Jackson
,One More Time: Joe Jackson
,Life's Been Good: Joe Walsh
,Rocky Mountain Way: Joe Walsh
,On The Darkside: John Cafferty
,"Take Me Home, Country Roads: John Denver"
,Thank God I'm A Country Boy: John Denver
,Center Field: John Fogerty
,Imagine: John Lennon
,Instant Karma: John Lennon & Yoko Ono
,Gravity: John Mayer
,Slow Dancing In A Burning Room: John Mayer
,Authority Song: John Mellencamp
,Hurts So Good: John Mellencamp
,Jack & Diane: John Mellencamp
,Lonely Ol' Night: John Mellencamp
,Pink Houses: John Mellencamp
,Change: John Waite
,Folsom Prison Blues: Johnny Cash
,Hurt: Johnny Cash
,RIng Of Fire: Johnny Cash
,Secret Agent Man: Johnny Rivers
,Any Way You Want It: Journey
,Ask The Lonely: Journey
,Change Reaction: Journey
,Don't Stop Believin': Journey
,Faithfully: Journey
,I'll Be Alright Without You: Journey
,Just the Same Way: Journey
,Lights: Journey
,"Lovin', Touchin', Squeezin': Journey"
,Only The Young: Journey
,Open Arms: Journey
,Separate Ways: Journey
,Stone In Love: Journey
,Wheel in The Sky: Journey
,Who's Crying Now: Journey
,Green Manalishi: Judas Priest
,Hellion / Electric Eye: Judas Priest
,Living After Midnight: Judas Priest
,You've Got Another Thing Coming: Judas Priest
,Both Sides Now: Judy Collins
,Angel Of The Morning: Juice Newton
,Carry On Wayward Son: Kansas
,Point Of Know Return: Kansas
,Walking On Sunshine: Katrina & The Waves
,Boogie Shoes: KC & The Sunshine Band
,She Just Wants To Dance: Keb' Mo'
,Footloose: Kenny Loggins
,The Gambler: Kenny Rogers
,Blue On Black: Kenny Wayne Shephed
,All Summer Long: Kid Rock
,"Mr. Brightside: Killers, The"
,Sex On Fire: Kings Of Leon
,"Destroyer: Kinks, The"
,"Do It Again: Kinks, The"
,"Father Christmas: Kinks, The"
,"Lola: Kinks, The"
,Calling Dr Love: KISS
,Detriot Rock City: KISS
,Rock And Roll All Nite: KISS
,Strutter: KISS
,"My Sharona: Knack, The"
,Black Horse & The Cherry Tree: KT Tunstall
,Need You Now: Lady Antebellum
,Always Remember Us This Way: Lady Gaga
,Gloria: Laura Branigan
,Black Dog: Led Zeppelin
,Communication Breakdown: Led Zeppelin
,D'yer Mak'er: Led Zeppelin
,Dancing Days: Led Zeppelin
,Fool in the Rain: Led Zeppelin
,Good Times Bad Times: Led Zeppelin
,How Many More Times: Led Zeppelin
,Immigrant Song: Led Zeppelin
,Kashmir: Led Zeppelin
,Living Loving Maid: Led Zeppelin
,Misty Mountain Hop: Led Zeppelin
,Out On The Tiles: Led Zeppelin
,Over The Hills And Far Away: Led Zeppelin
,Ramble On: Led Zeppelin
,Rock And Roll: Led Zeppelin
,Since I've Been Loving You: Led Zeppelin
,Thank You: Led Zeppelin
,The Ocean: Led Zeppelin
,The Rover: Led Zeppelin
,The Wanton Song: Led Zeppelin
,What Is And What Should Never Be: Led Zeppelin
,Whole Lotta Love: Led Zeppelin
,Are You Gonna Go My Way: Lenny Kravitz
,Fly Away: Lenny Kravitz
,Something About You: Level 42
,Blue Bayou: Linda Ronstadt
,Different Drum: Linda Ronstadt
,When Will I Be Loved: Linda Ronstadt
,You're No Good: Linda Ronstadt
,In The End: Linkin Park
,Stuck On You: Lionel Ritchie
,My Own Worst Enemy: Lit
,Girl Crush: Little Big Town
,Send Me Some Lovin': Little Richard
,Cult Of Personality: Living Colour
,Open Letter (To A Landlord): Living Colour
,Brandy: Looking Glass
,To Heck With Ole' Santa Clause: Loretta Lynn
,Dead Skunk: Loudon Wainwright III
,Turn Me Loose: Loverboy
,Working For The Weekend: Loverboy
,To Sir With Love: Lulu
,Call Me The Breeze: Lynyrd Skynrd
,Gimme Three Steps: Lynyrd Skynrd
,I Know A Little: Lynyrd Skynrd
,Simple Man: Lynyrd Skynrd
,Sweet Home Alabama: Lynyrd Skynrd
,Tuesday's Gone: Lynyrd Skynrd
,Crazy For You: Madonna
,Live To Tell: Madonna
,Walking In Memphis: Marc Cohn
,Sex & Candy: Marcy Playground
,Diamonds Are A Girl's Best Friend: Marilyn Monroe
,I Wanna Be Loved By You: Marilyn Monroe
,She Will Be Loved: Maroon 5
,"Can't Get Enough: Marshall Tucker Band, The"
,"Can't You See?: Marshall Tucker Band, The"
,"Heard It In A Love Song: Marshall Tucker Band, The"
,Heard It Through The Grapevine: Marvin Gaye
,Let's Get it On: Marvin Gaye
,What's Going On: Marvin Gaye
,3AM: Matchbox Twenty
,Push: Matchbox Twenty
,The Morning After: Maureen McGovern
,Shape Of The Things To Come: Max Frost
,Fade Into You: Mazzy Star
,Brand New Key: Melanie
,Come To My Window: Melissa Etheridge
,I'm The Only One: Melissa Etheridge
,If I Wanted To: Melissa Etheridge
,If I Wanted To: Melissa Etheridge
,Like The Way I Do: Melissa Etheridge
,Refugee: Melissa Etheridge
,Looking Through The Eyes Of Love: Melissa Manchester
,Overkill: Men At Work
,Who Can It Be Now: Men At Work
,Bitch: Meredith Brooks
,Enter Sandman: Metallica
,All I Need Is A Miracle: Mike + the Mechanics
,Walking In LA: Missing Persons
,I Melt With You: Modern English
,"Daydream Believer: Monkees, The"
,"I'm A Believer: Monkees, The"
,"Last Train To Clarksville: Monkees, The"
,"Pleasant Valley Sunday: Monkees, The"
,This Is How We Do It: Montell Jordan
,Always Look On The Brighhtside Of Life: Monty Python
,"Nights In White Satin: Moody Blues, The"
,"Story In Your Eyes: Moody Blues, The"
,"The Voice: Moody Blues, The"
,"Only The Lonely: Motels, The"
,"Suddenly, Last Summer: Motels, The"
,Live Wire: Motley Crue
,Ace Of Spades: Motorhead
,Mississippi Queen: Mountain
,Have Yourself A Merry Little Christmas: Multiple Artists
,Torn: Natalie Imbruglia
,Hair Of The Dog: Nazareth
,Love Hurts: Nazareth
,Solitary Man: Neil Diamond
,Sweet Caroline: Neil Diamond
,Cinnamon Girl: Neil Young
,Heart Of Gold: Neil Young
,"Hey Hey, My My (just, Oh My God, awful): Neil Young"
,Like A Hurrican: Neil Young
,Rockin' In The Free World: Neil Young
,99 Red Balloons: Nena
,Everybody Talks: Neon Trees
,Hot Child In The City: Nick Gilder
,How You Remind Me: Nickelback
,Lotta Love: Nicolette Larson
,Don't Tell Me You Love Me: Night Ranger
,Sister Christian: Night Ranger
,Come As You Are: Nirvana
,Smells Like Teen Spirit: Nirvana
,The Man Who Sold the World: Nirvana
,Sprirt In The Sky: Norman Greenbaum
,"Love Train: O'Jays, The"
,Don't Look Back In Anger: Oasis
,Wonderwall: Oasis
,Get Here: Oleta Adams
,Have You Never Been Mellow: Olivia Newton-John
,Hopelessly Devoted: Olivia Newton-John
,Counting Stars: OneRebublic
,(Sittin' On) The Dock Of The Bay: Otis Redding
,Hard To Handle: Otis Redding
,"Your Love: Outfield, The"
,Hey Ya: Outkast
,"Green Grass & High Tides: Outlaws, The"
,Crazy Train: Ozzy Osbourne
,I Don't Know: Ozzy Osbourne
,"Mama, I'm Coming Home: Ozzy Osbourne"
,Mr. Crowley: Ozzy Osbourne
,No More Tears: Ozzy Osbourne
,Ain't It Fun: Paramore
,Misery Business: Paramore
,Heartbreaker: Pat Benatar
,Hit Me With Your Best Shot: Pat Benatar
,Invincible: Pat Benatar
,Love Is A Battlefield: Pat Benatar
,Promises In The Dark: Pat Benatar
,Shadows Of The Night: Pat Benatar
,We Belong: Pat Benatar
,You Better Run: Pat Benatar
,Because The Night: Patiti Smith
,Crazy: Patsy Cline
,Lady Marmalade: Patty LaBelle
,Blame It On Your Heart: Patty Loveless
,Sometimes Love Just Ain't Enough: Patty Smyth & Don Henley
,Band On The Run: Paul McCartney
,Jet: Paul McCartney
,Junior's Farm: Paul McCartney
,Live And Let Die: Paul McCartney
,Maybe I'm Amazed: Paul McCartney
,Mull Of Kinyre: Paul McCartney
,No More Lonely Nights: Paul McCartney
,50 Ways To Leave Your Lover: Paul Simon
,Alive: Pearl Jam
,Elderly Woman Standing Behind The Counter: Pearl Jam
,Evenflow: Pearl Jam
,Yellow Ledbetter: Pearl Jam
,West End Girls: Pet Shop Boys
,Let My Love Open The Door: Pete Townshend
,Rough Boys: Pete Townshend
,Show Me The Way: Peter Frampton
,Solsbury Hill: Peter Gabriel
,I Don't Care Anymore: Phil Collins
,In The Air Tonight: Phil Collins
,First Tube: Phish
,Raise Your Glass: Pink
,Who Knew: Pink
,Another Brick In The Wall Pt 2: Pink Floyd
,Breathe: Pink Floyd
,Comfortably Numb: Pink Floyd
,Happiest Days / Another Brick In The Wall: Pink Floyd
,Have A Cigar: Pink Floyd
,Money: Pink Floyd
,Mother: Pink Floyd
,Run Like Hell: Pink Floyd
,Time: Pink Floyd
,Us And Them: Pink Floyd
,Wish You Were Here: Pink Floyd
,Young Lust: Pink Floyd
,Shine On You Crazy Diamond: Pink Floyd (Kendra Morris Version)
,Baby Come Back: Player
,"Fairytale Of New York: Pogues, The"
,Every Rose Has It's Thorn: Poison
,Nothin' But A Good Time: Poison
,Talk Dirty To Me: Poison
,"Driven To Tears: Police, The"
,"Every Breath You Take: Police, The"
,"Every Little Thing She Does Is Magic: Police, The"
,"King Of Pain: Police, The"
,"Message In A Bottle: Police, The"
,"Roxanne: Police, The"
,"Synchronicity II: Police, The"
,"Back On The Chain Gang: Pretenders, The"
,"Brass In Pocket: Pretenders, The"
,"I'll Stand By You: Pretenders, The"
,"Message Of Love: Pretenders, The"
,1999: Prince
,Kiss: Prince
,Let's Go Crazy: Prince
,Purple Rain: Prince
,"500 Miles: Proclaimers, The"
,Whiter Shade of Pale: Procol Harum
,She Hates Me: Puddle Of Mudd
,Amie: Pure Prarie League
,Harden My Heart: Quarter Flash
,Another One Bites the Dust: Queen
,Crazy Little Thing Called Love: Queen
,Fat Bottomed Girls: Queen
,We Are The Champions: Queen
,Jet City Woman: Queensryche
,Operation: Mindcrime: Queensryche
,Losing My Religion: R.E.M.
,Man On The Moon: R.E.M.
,Orange Crush: R.E.M.
,The One I Love: R.E.M.
,What's The Frequency Kenneth?: R.E.M.
,Creep: Radiohead
,Killing In The Name: Rage Against The Machine
,Jealous Lover: Rainbow
,Stone Cold: Rainbow
,"Beat On The Brat: Ramones, The"
,"Blitzkrieg Bop: Ramones, The"
,"Commando: Ramones, The"
,"Do You Wanna Dance?: Ramones, The"
,"Happy Birthday: Ramones, The"
,"I Wanna Be Sedated: Ramones, The"
,"Rockaway Beach: Ramones, The"
,"She's The One: Ramones, The"
,"Sheena Is A Punk Rocker: Ramones, The"
,I Just Want To Celebrate: Rare Earth
,Life Is A Highway: Rascal Faltts
,"A Beautiful Morning: Rascals, The"
,Go All The Way: Raspberries
,Hit The Road Jack: Ray Charles
,Shake A Tailfeather: Ray Charles
,"Banditos: Refreshments, The"
,Don't Let Him Go: REO Speedwagon
,I Can't Fight This Feeling: REO Speedwagon
,Roll With The Changes: REO Speedwagon
,Take It On The Run: Reo Speedwagon
,Time For Me To Fly: REO Speedwagon
,Dani California: RHCP
,Higher Ground: RHCP
,Under The Bridge: RHCP
,"Rock And Roll, Hoochie Koo: Rick Derringerr"
,Give it to Me Baby: Rick James
,Super Freak: Rick James
,Jessie's Girl: Rick Springfield
,Livin' La Vida Loca: Ricky Martin
,It Don't Come Easy: Ringo Starr
,Photograph: Ringo Starr
,We're All Alone: Rita Coolidge
,Escalator Of Life: Robert Hazard & The Heroes
,Bad Case Of Loving You: Robert Palmer
,In The Mood: Robert Plant
,Hot Legs: Rod Stewart
,Maggie May: Rod Stewart
,The First Cut Is The Deepest: Rod Stewart
,"Bitch: Rolling Stones, The"
,"Brown Sugar: Rolling Stones, The"
,"Dead Flowers: Rolling Stones, The"
,"Gimme Shelter: Rolling Stones, The"
,"Honky Tonk Woman: Rolling Stones, The"
,"Jumpin' Jack Flash: Rolling Stones, The"
,"Let It Bleed: Rolling Stones, The"
,"Miss You: Rolling Stones, The"
,"Paint It Back: Rolling Stones, The"
,"Rocks Off: Rolling Stones, The"
,"Ruby Tuesday: Rolling Stones, The"
,"Satisfaction: Rolling Stones, The"
,"She's A Rainbow: Rolling Stones, The"
,"Sympathy For The Devil: Rolling Stones, The"
,"Time Is On My Side: Rolling Stones, The"
,"Under My Thumb: Rolling Stones, The"
,"Waiting For A Friend: Rolling Stones, The"
,"Wild Horses: Rolling Stones, The"
,"What I Like About You: Romantics, The"
,Holy Diver: Ronnie James Dio
,It Must Have Been Love: Roxette
,Listen To Your Heart: Roxette
,"Oh, Pretty Woman: Roy Orbison"
,Tell Me Something Good: Rufus & Chaka Khan
,Closer To The Heart: Rush
,Limelight: Rush
,Red Barrchetta: Rush
,Subdivisions: Rush
,The Spirit Of Radio: Rush
,Tom Sawyer: Rush
,Smooth Operator: Sade'
,Sweetest Taboo: Sade'
,"Wipe Out: Safaris, The"
,On the Loose: Saga
,Soul Man: Sam & Dave
,Hold On: Santana
,I'm Winning: Santana
,Oye Como Va: Santana
,Goodbye To You: Scandal
,The Warrior: Scandal
,No One Like You: Scorpions
,Walk On By: Seal
,Summer Breeze: Seals & Crofts
,We May Never Pass This Way Again: Seals & Crofts
,Danny's Song: Seawall Prophet
,Bidi Bidi Bom Bom: Selena
,Cumbersome: Seven Mary Three
,For Your Eyes Only: Sheena Easton
,The Sound Of Silence: Simon & Garfunkle
,Don't You (Forget About Me): Simple Minds
,18 and Life: Skid Row
,If You Want Me To Stay: Sly & The Family Stone
,Thank You (Falettinme Be Mice Elf Agin): Sly & The Family Stone
,All Star: Smash Mouth
,I'm A Believer: Smash Mouth
,Cherub Rock: Smashing Pumpkins
,Cruisin': Smokey Robinson
,"Ooo, Baby Baby: Smokey Robinson"
,RIng Of Fire: Social Distortion
,Tainted Love: Soft Cell
,Runaway Train: Soul Asylum
,Black Hole Sun: Soundgarden
,Spoonman: Soundgarden
,Little Miss Can't Be Wrong: Spin Doctors
,Two Princes: Spin Doctors
,I'll Be Around: Spinners
,Nature's Way: Spirit
,Molly: Sponge
,Plowed: Sponge
,Tempted: Squeeze
,For You: Staind
,It's Been A While: Staind
,Stuck In The Middle With You: Stealers Wheel
,Any Major Dude: Steely Dan
,Black Friday: Steely Dan
,Dirty Work: Steely Dan
,Josie: Steely Dan
,Kid Charlemagne: Steely Dan
,Reelin' In The Years: Steely Dan
,Born To Be Wild: Steppenwolf
,Magic Carpet Ride: Steppenwolf
,Abracadabra: Steve Miller Band
,Fly Like An Eagle: Steve Miller Band
,Jet Airliner: Steve Miller Band
,Jungle Love: Steve Miller Band
,Take The Money And Run: Steve Miller Band
,The Joker: Steve Miller Band
,"Oh, Sherrie: Steve Perry"
,Edge Of Seventeen: Stevie Nicks
,If Anyone Falls: Stevie Nicks
,Leather And Lace: Stevie Nicks & Don Henley
,Stop Dragging My Heart Around: Stevie Nicks & Tom Petty
,Pride & Joy: Stevie Ray Vaughn
,I Wish: Stevie Wonder
,Sir Duke: Stevie Wonder
,Superstition: Stevie Wonder
,Interstate Love Song: Stone Temple Pilots
,Plush: Stone Temple Pilots
,Sex Type Thing: Stone Temple Pilots
,Stray Cat Strut: Stray Cats
,Little Black Backpack: Stroke 9
,"Last Nite: Strokes, The"
,Blue Collar Man: Styx
,Come Sail Away: Styx
,Renegade: Styx
,Too Much Time On My Hands: Styx
,Santeria: Sublime
,What I Got: Sublime
,Green Eyed Lady: Sugarloaf
,Give A Little Bit: Supertramp
,Take The Long Way Home: Supertramp
,Eye of the Tiger: Survivor
,Stumbiln' In: Suzi Quattro & Chris Norman
,Ballroom Blitz: Sweet
,Fox On The Run: Sweet
,"Boogie Fever: Sylvers, The"
,Life During Wartime: Talking Heads
,Once In A Lifetime: Talking Heads
,Psycho Killer: Talking Heads
,Stay Up Late: Talking Heads
,It's A Little Too Late: Tanya Tucker
,Love Story: Taylor Swift
,Shake It Off: Taylor Swift
,Everybody Wants To Rule The World: Tears For Fears
,Head Over Heels: Tears For Fears
,Stranglehold: Ted Nugent
,Hunger Strike: Temple Of The Dog
,"Ain't Too Proud To Beg: Temptations, The"
,"Get Ready: Temptations, The"
,Dancing In The Moonlight: Thin Lizzy
,Jailbreak: Thin Lizzy
,The Boys Are Back In Town: Thin Lizzy
,Whiskey In The Jar: Thin Lizzy
,Semi-Charmed Life: Third Eye Blind
,"When Will I See You Again: Three Degrees, The"
,Never Been To Spain: Three Dog Night
,One: Three Dog Night
,Voices Carry: Til Tuesday
,We Don't Need Another Hero: Tina Turner
,It's Only Love: Tina Turner & Bryan Adams
,Walk On The Ocean: Toad the Wet Sprocket
,"Possum Kingdom: Toadies, The"
,I Saw The Light: Todd Rundgren
,It's Not Unsual: Tom Jones
,American Girl: Tom Petty & The Heartbreakers
,Breakdown: Tom Petty & The Heartbreakers
,Don't Do Me Like That: Tom Petty & The Heartbreakers
,Free Fallin': Tom Petty & The Heartbreakers
,Here Comes My Girl: Tom Petty & The Heartbreakers
,Learning To Fly: Tom Petty & The Heartbreakers
,Listen To Her Heart: Tom Petty & The Heartbreakers
,Mary Jane's Last Dance: Tom Petty & The Heartbreakers
,Refugee: Tom Petty & The Heartbreakers
,Runnin' Down A Dream: Tom Petty & The Heartbreakers
,You Don't Know How It Feels: Tom Petty & The Heartbreakers
,You Wreck Me: Tom Petty & The Heartbreakers
,I'm Not Your Man: Tommy Conwell
,Draggin' The Line: Tommy James & The Shondells
,I Think We're Alone Now: Tommy James & The Shondells
,867-5309 (Jenny Jenny): Tommy Tutone
,If You Could Only See: Tonic
,You Wanted More: Tonic
,Sober: Tool
,"Telstar: Tornados, The"
,Africa: Toto
,Hold The Line: Toto
,Rosanna: Toto
,Fast Car: Tracy Chapman
,Give Me One Reason: Tracy Chapman
,Stand By Me: Tracy Chapman
,Amazing Grace: Traditional
,Dear Mr Fantasy: Traffic
,Drops of Jupiter: Train
,End Of The Line: Traveling Wilburys
,Lay It On the Line: Triumph
,"Wild Thing: Troggs, The"
,"Talk To Ya Later: Tubes, The"
,"Happy Together: Turtles, The"
,Baby Please Come Home: U2
,Bullet The Blue Sky: U2
,Desire: U2
,I Will Follow: U2
,New Years Day: U2
,One: U2
,Pride: U2
,"Sunday, Bloody Sunday: U2"
,Vertigo: U2
,Where The Streets Have No Name: U2
,With Or Without You: U2
,Ain't Talkin' 'Bout Love: Van Halen
,And The Cradle Will Rock: Van Halen
,Beautiful Girls: Van Halen
,Dance the Night Away: Van Halen
,Dancing in the Streets: Van Halen
,Hot For Teacher: Van Halen
,Ice Cream Man: Van Halen
,Mean Street: Van Halen
,"Oh, Pretty Woman: Van Halen"
,Panama: Van Halen
,Right Now: Van Halen
,Runnin' With The Devil: Van Halen
,Somebody Get Me A Doctor: Van Halen
,Unchained: Van Halen
,Brown Eyed Girl: Van Morrison
,Domino: Van Morrison
,Gloria: Van Morrison
,Moondance: Van Morrison
,You Just Keep Me Hangin' On: Vanilla Fudge
,"Turning Japanese: Vapors, The"
,Iko Iko: Various Artists
,Slither: Velvet Revolver
,Blister in The Sun: Violent Femmes
,"Christmas Wrapping: Waitresses, The"
,"One Headlight: Wallflowers, The"
,Low Rider: War
,The Cisco Kid: War
,"Lawyers, Guns And Money: Warren Zevon"
,Werewolves Of London: Warren Zevon
,Hash Pipe: Weezer
,Say It Ain't So: Weezer
,Teenage Dirtbag: Wheatus
,You're A Mean One Mr Grinch: Whirling Dervishes
,Here I Go Again: Whitesnake
,Still Of The Night: Whitesnake
,"Baba O'Reilly: Who, The"
,"Behind Blue Eyes: Who, The"
,"Love Reign O'er Me: Who, The"
,"Magic Bus: Who, The"
,"Summertime Blues: Who, The"
,"The Real Me: Who, The"
,"The Seeker: Who, The"
,Play That Funky Music: Wild Cherry
,Land Of 1000 Dances: Wilson Pickett
,Mustang Sally: Wilson Pickett
,Chicken Fried: Zac Brown Band
,"Time Of The Season: Zombies, The"
,Cheap Sunglasses: ZZ Top
,Gimme All Your Lovin': ZZ Top
,I Thank You: ZZ Top
,La Grange: ZZ Top
,Sharp Dressed Man: ZZ Top
,Thank You: ZZ Top
,Tube Snake Boogie: ZZ Top
,Tush: ZZ Top
,Waitin' For The Bus: ZZ Top